{
    "AllScores": [
        {
            "name": "EBJ",
            "score": 90
        },
        {
            "name": "AAA",
            "score": 1060
        },
        {
            "name": "DAD",
            "score": 3560
        },
        {
            "name": "CAK",
            "score": 1030
        },
        {
            "name": "BBB",
            "score": 530
        },
        {
            "name": "CBB",
            "score": 0
        },
        {
            "name": "DBA",
            "score": 0
        },
        {
            "name": "AAA",
            "score": 0
        },
        {
            "name": "AAA",
            "score": 0
        },
        {
            "name": "CBB",
            "score": 0
        },
        {
            "name": "CBB",
            "score": 0
        },
        {
            "name": "BBB",
            "score": 0
        },
        {
            "name": "BAA",
            "score": 0
        },
        {
            "name": "CBA",
            "score": 0
        },
        {
            "name": "AAA",
            "score": 0
        },
        {
            "name": "CBB",
            "score": 1060
        },
        {
            "name": "DCB",
            "score": 30
        }
    ],
    "Letter0": "D",
    "Letter1": "C",
    "Letter2": "B",
    "score": 30
}